date,asin,title,bullet1,bullet2,bullet3,bullet4,bullet5,rating,review_count,price,stock,rank,changes
2026-02-24,B0BKXSHHNP,"Colorful Lighting Baby Balance Bike Toys for 1 Year Old Boy Gifts, 10-36 Month Toddler Balance Bike",【COLORFUL LIGHTING DESIGN】 No batteries are needed and no charging is required.T,【THE BEST PARTNER FOR KIDS】 Recommended ages for 10-36 months. baby balance bike,【SAFELY RIDE】 No pedal and fully widened closed wheel to avoid clamping baby's f,【STURDY & COMFORTABLE DESIGN】 This balance bike 1 year old is made of sturdy car,"【EASY TO ASSEMBLE & CARRY】 Our baby balance bike is built in Buckle design, no t",4.8,5292,$29.99,In Stock,#113 in Toys & Games ( See Top 100 in Toys & Games ) #2 in,无变动
2026-02-24,B0BLMF98S8,"Colorful Lighting Baby Balance Bike Toys for 1 Year Old Girl Gifts, 10-36 Month Toddler Balance Bike","【COLORFUL LIGHTING DESIGN】 To enhance children's fun, we have specially designed",【THE BEST PARTNER FOR KIDS】 Recommended ages for 10-36 months. baby balance bike,【SAFELY RIDE】 No pedal and fully widened closed wheel to avoid clamping baby's f,【STURDY & COMFORTABLE DESIGN】 This balance bike 1 year old is made of sturdy car,"【EASY TO ASSEMBLE & CARRY】 Our baby balance bike is built in Buckle design, no t",4.8,5292,$29.99,In Stock,#113 in Toys & Games ( See Top 100 in Toys & Games ) #2 in,无变动
2026-02-25,B0BKXSHHNP,"Colorful Lighting Baby Balance Bike Toys for 1 Year Old Boy Gifts, 10-36 Month Toddler Balance Bike",【COLORFUL LIGHTING DESIGN】 No batteries are needed and no charging is required.T,【THE BEST PARTNER FOR KIDS】 Recommended ages for 10-36 months. baby balance bike,【SAFELY RIDE】 No pedal and fully widened closed wheel to avoid clamping baby's f,【STURDY & COMFORTABLE DESIGN】 This balance bike 1 year old is made of sturdy car,"【EASY TO ASSEMBLE & CARRY】 Our baby balance bike is built in Buckle design, no t",4.8,5298,$29.99,In Stock,#108 in Toys & Games ( See Top 100 in Toys & Games ) #2 in,无变动
2026-02-25,B0BLMF98S8,"Colorful Lighting Baby Balance Bike Toys for 1 Year Old Girl Gifts, 10-36 Month Toddler Balance Bike","【COLORFUL LIGHTING DESIGN】 To enhance children's fun, we have specially designed",【THE BEST PARTNER FOR KIDS】 Recommended ages for 10-36 months. baby balance bike,【SAFELY RIDE】 No pedal and fully widened closed wheel to avoid clamping baby's f,【STURDY & COMFORTABLE DESIGN】 This balance bike 1 year old is made of sturdy car,"【EASY TO ASSEMBLE & CARRY】 Our baby balance bike is built in Buckle design, no t",4.8,5298,$29.99,In Stock,#108 in Toys & Games ( See Top 100 in Toys & Games ) #2 in,无变动
2026-02-26,B0BKXSHHNP,"Colorful Lighting Baby Balance Bike Toys for 1 Year Old Boy Gifts, 10-36 Month Toddler Balance Bike,",【COLORFUL LIGHTING DESIGN】 No batteries are needed and no charging is required.T,【THE BEST PARTNER FOR KIDS】 Recommended ages for 10-36 months. baby balance bike,【SAFELY RIDE】 No pedal and fully widened closed wheel to avoid clamping baby's f,【STURDY & COMFORTABLE DESIGN】 This balance bike 1 year old is made of sturdy car,"【EASY TO ASSEMBLE & CARRY】 Our baby balance bike is built in Buckle design, no t",4.8,5306,$29.99,In Stock,#118 in Toys & Games (See Top 100 in Toys & Games) #2 in,无变动
2026-02-26,B0BLMF98S8,"Colorful Lighting Baby Balance Bike Toys for 1 Year Old Girl Gifts, 10-36 Month Toddler Balance Bike","【COLORFUL LIGHTING DESIGN】 To enhance children's fun, we have specially designed",【THE BEST PARTNER FOR KIDS】 Recommended ages for 10-36 months. baby balance bike,【SAFELY RIDE】 No pedal and fully widened closed wheel to avoid clamping baby's f,【STURDY & COMFORTABLE DESIGN】 This balance bike 1 year old is made of sturdy car,"【EASY TO ASSEMBLE & CARRY】 Our baby balance bike is built in Buckle design, no t",4.8,5306,$29.99,In Stock,#118 in Toys & Games (See Top 100 in Toys & Games) #2 in,无变动
2026-02-26,B0BKXSHHNP,"Colorful Lighting Baby Balance Bike Toys for 1 Year Old Boy Gifts, 10-36 Month Toddler Balance Bike,",【COLORFUL LIGHTING DESIGN】 No batteries are needed and no charging is required.T,【THE BEST PARTNER FOR KIDS】 Recommended ages for 10-36 months. baby balance bike,【SAFELY RIDE】 No pedal and fully widened closed wheel to avoid clamping baby's f,【STURDY & COMFORTABLE DESIGN】 This balance bike 1 year old is made of sturdy car,"【EASY TO ASSEMBLE & CARRY】 Our baby balance bike is built in Buckle design, no t",4.8,5306,$29.99,In Stock,#118 in Toys & Games (See Top 100 in Toys & Games) #2 in,无变动
2026-02-26,B0BLMF98S8,"Colorful Lighting Baby Balance Bike Toys for 1 Year Old Girl Gifts, 10-36 Month Toddler Balance Bike","【COLORFUL LIGHTING DESIGN】 To enhance children's fun, we have specially designed",【THE BEST PARTNER FOR KIDS】 Recommended ages for 10-36 months. baby balance bike,【SAFELY RIDE】 No pedal and fully widened closed wheel to avoid clamping baby's f,【STURDY & COMFORTABLE DESIGN】 This balance bike 1 year old is made of sturdy car,"【EASY TO ASSEMBLE & CARRY】 Our baby balance bike is built in Buckle design, no t",4.8,5306,$29.99,In Stock,#118 in Toys & Games (See Top 100 in Toys & Games) #2 in,无变动
2026-02-26,B0BKXSHHNP,"Colorful Lighting Baby Balance Bike Toys for 1 Year Old Boy Gifts, 10-36 Month Toddler Balance Bike,",【COLORFUL LIGHTING DESIGN】 No batteries are needed and no charging is required.T,【THE BEST PARTNER FOR KIDS】 Recommended ages for 10-36 months. baby balance bike,【SAFELY RIDE】 No pedal and fully widened closed wheel to avoid clamping baby's f,【STURDY & COMFORTABLE DESIGN】 This balance bike 1 year old is made of sturdy car,"【EASY TO ASSEMBLE & CARRY】 Our baby balance bike is built in Buckle design, no t",4.8,5306,$29.99,In Stock,#118 in Toys & Games (See Top 100 in Toys & Games) #2 in,无变动
2026-02-26,B0BLMF98S8,"Colorful Lighting Baby Balance Bike Toys for 1 Year Old Girl Gifts, 10-36 Month Toddler Balance Bike","【COLORFUL LIGHTING DESIGN】 To enhance children's fun, we have specially designed",【THE BEST PARTNER FOR KIDS】 Recommended ages for 10-36 months. baby balance bike,【SAFELY RIDE】 No pedal and fully widened closed wheel to avoid clamping baby's f,【STURDY & COMFORTABLE DESIGN】 This balance bike 1 year old is made of sturdy car,"【EASY TO ASSEMBLE & CARRY】 Our baby balance bike is built in Buckle design, no t",4.8,5306,$29.99,In Stock,#118 in Toys & Games (See Top 100 in Toys & Games) #2 in,无变动
2026-02-27,B0BKXSHHNP,"Colorful Lighting Baby Balance Bike Toys for 1 Year Old Boy Gifts, 10-36 Month Toddler Balance Bike,",【COLORFUL LIGHTING DESIGN】 No batteries are needed and no charging is required.T,【THE BEST PARTNER FOR KIDS】 Recommended ages for 10-36 months. baby balance bike,【SAFELY RIDE】 No pedal and fully widened closed wheel to avoid clamping baby's f,【STURDY & COMFORTABLE DESIGN】 This balance bike 1 year old is made of sturdy car,"【EASY TO ASSEMBLE & CARRY】 Our baby balance bike is built in Buckle design, no t",4.8,5319,$29.99,In Stock,#106 in Toys & Games (See Top 100 in Toys & Games) #2 in,无变动
2026-02-27,B0BLMF98S8,"Colorful Lighting Baby Balance Bike Toys for 1 Year Old Girl Gifts, 10-36 Month Toddler Balance Bike","【COLORFUL LIGHTING DESIGN】 To enhance children's fun, we have specially designed",【THE BEST PARTNER FOR KIDS】 Recommended ages for 10-36 months. baby balance bike,【SAFELY RIDE】 No pedal and fully widened closed wheel to avoid clamping baby's f,【STURDY & COMFORTABLE DESIGN】 This balance bike 1 year old is made of sturdy car,"【EASY TO ASSEMBLE & CARRY】 Our baby balance bike is built in Buckle design, no t",4.8,5319,$29.99,In Stock,#106 in Toys & Games (See Top 100 in Toys & Games) #2 in,无变动
2026-02-27,B0BKXSHHNP,"Colorful Lighting Baby Balance Bike Toys for 1 Year Old Boy Gifts, 10-36 Month Toddler Balance Bike,",【COLORFUL LIGHTING DESIGN】 No batteries are needed and no charging is required.T,【THE BEST PARTNER FOR KIDS】 Recommended ages for 10-36 months. baby balance bike,【SAFELY RIDE】 No pedal and fully widened closed wheel to avoid clamping baby's f,【STURDY & COMFORTABLE DESIGN】 This balance bike 1 year old is made of sturdy car,"【EASY TO ASSEMBLE & CARRY】 Our baby balance bike is built in Buckle design, no t",4.8,5319,$29.99,In Stock,#106 in Toys & Games (See Top 100 in Toys & Games) #2 in,无变动
2026-02-27,B0BLMF98S8,"Colorful Lighting Baby Balance Bike Toys for 1 Year Old Girl Gifts, 10-36 Month Toddler Balance Bike","【COLORFUL LIGHTING DESIGN】 To enhance children's fun, we have specially designed",【THE BEST PARTNER FOR KIDS】 Recommended ages for 10-36 months. baby balance bike,【SAFELY RIDE】 No pedal and fully widened closed wheel to avoid clamping baby's f,【STURDY & COMFORTABLE DESIGN】 This balance bike 1 year old is made of sturdy car,"【EASY TO ASSEMBLE & CARRY】 Our baby balance bike is built in Buckle design, no t",4.8,5319,$29.99,In Stock,#106 in Toys & Games (See Top 100 in Toys & Games) #2 in,无变动
2026-02-27,B0BKXSHHNP,"Colorful Lighting Baby Balance Bike Toys for 1 Year Old Boy Gifts, 10-36 Month Toddler Balance Bike,",【COLORFUL LIGHTING DESIGN】 No batteries are needed and no charging is required.T,【THE BEST PARTNER FOR KIDS】 Recommended ages for 10-36 months. baby balance bike,【SAFELY RIDE】 No pedal and fully widened closed wheel to avoid clamping baby's f,【STURDY & COMFORTABLE DESIGN】 This balance bike 1 year old is made of sturdy car,"【EASY TO ASSEMBLE & CARRY】 Our baby balance bike is built in Buckle design, no t",4.8,5319,$29.99,In Stock,#106 in Toys & Games (See Top 100 in Toys & Games) #2 in,无变动
2026-02-27,B0BLMF98S8,"Colorful Lighting Baby Balance Bike Toys for 1 Year Old Girl Gifts, 10-36 Month Toddler Balance Bike","【COLORFUL LIGHTING DESIGN】 To enhance children's fun, we have specially designed",【THE BEST PARTNER FOR KIDS】 Recommended ages for 10-36 months. baby balance bike,【SAFELY RIDE】 No pedal and fully widened closed wheel to avoid clamping baby's f,【STURDY & COMFORTABLE DESIGN】 This balance bike 1 year old is made of sturdy car,"【EASY TO ASSEMBLE & CARRY】 Our baby balance bike is built in Buckle design, no t",4.8,5319,$29.99,In Stock,#106 in Toys & Games (See Top 100 in Toys & Games) #2 in,无变动
2026-02-28,B0BKXSHHNP,"Colorful Lighting Baby Balance Bike Toys for 1 Year Old Boy Gifts, 10-36 Month Toddler Balance Bike,",【COLORFUL LIGHTING DESIGN】 No batteries are needed and no charging is required.T,【THE BEST PARTNER FOR KIDS】 Recommended ages for 10-36 months. baby balance bike,【SAFELY RIDE】 No pedal and fully widened closed wheel to avoid clamping baby's f,【STURDY & COMFORTABLE DESIGN】 This balance bike 1 year old is made of sturdy car,"【EASY TO ASSEMBLE & CARRY】 Our baby balance bike is built in Buckle design, no t",4.8,5325,$29.99,In Stock,#109 in Toys & Games (See Top 100 in Toys & Games) #2 in,无变动
2026-02-28,B0BLMF98S8,"Colorful Lighting Baby Balance Bike Toys for 1 Year Old Girl Gifts, 10-36 Month Toddler Balance Bike","【COLORFUL LIGHTING DESIGN】 To enhance children's fun, we have specially designed",【THE BEST PARTNER FOR KIDS】 Recommended ages for 10-36 months. baby balance bike,【SAFELY RIDE】 No pedal and fully widened closed wheel to avoid clamping baby's f,【STURDY & COMFORTABLE DESIGN】 This balance bike 1 year old is made of sturdy car,"【EASY TO ASSEMBLE & CARRY】 Our baby balance bike is built in Buckle design, no t",4.8,5325,$29.99,In Stock,#109 in Toys & Games (See Top 100 in Toys & Games) #2 in,无变动
